module,sub_intent,question,answer,keywords
admin_directory,about_xmum,Who founded Xiamen University (XMU)?,Xiamen University (XMU) was founded by the Malayan Chinese Mr. Tan Kah Kee.,"founder,XMU,Tan Kah Kee"
admin_directory,about_xmum,Why was Xiamen University Malaysia (XMUM) established?,"Xiamen University Malaysia (XMUM) was established as a historic reciprocation, 93 years after XMU was founded, in the country where its founder, Mr. Tan Kah Kee, achieved great career success.","establishment,reciprocation,Tan Kah Kee,Malaysia"
admin_directory,about_xmum,What spirit does Xiamen University Malaysia (XMUM) pledge to uphold?,Xiamen University Malaysia (XMUM) pledges to uphold Mr. Tan Kah Kee's spirit of selfless dedication to the noble causes of education.,"Tan Kah Kee,spirit,education,dedication"
admin_directory,about_xmum,What is the financial status of Xiamen University Malaysia (XMUM)?,"Xiamen University Malaysia (XMUM) is a not-for-profit institution, and no surplus funds will be repatriated to China.","not-for-profit,financial,funds,China"
admin_directory,about_xmum,How will surplus funds at Xiamen University Malaysia (XMUM) be utilized?,Any surplus funds at Xiamen University Malaysia (XMUM) will be channelled back into research and scholarships for its students.,"surplus funds,research,scholarships"
admin_directory,about_xmum,What is the significance of Xiamen University Malaysia (XMUM)'s establishment for China-Malaysia relations?,The establishment of Xiamen University Malaysia (XMUM) sets new heights in educational cooperation and exchange between China and Malaysia.,"cooperation,China,Malaysia,education"
admin_directory,about_xmum,What is XMU's goal for its Malaysia campus (XMUM)?,"XMU aims to build its Malaysia campus (XMUM) into one of Malaysia's best universities, enriching the tertiary education landscape and producing high-quality, internationally competitive talents.","goal,best university,tertiary education,talents"
admin_directory,about_xmum,What is the vision of Xiamen University Malaysia (XMUM)?,"The vision of Xiamen University Malaysia (XMUM) is to become a university with a distinct global outlook, featuring first-class teaching and research, and embracing cultural diversity.","vision,global outlook,teaching,research"
admin_directory,about_xmum,What is the mission of Xiamen University Malaysia (XMUM)?,"The mission of Xiamen University Malaysia (XMUM) is to nurture young talents with dignity and wisdom, transforming them into fine citizens who will contribute to the prosperity and social progress of Malaysia, China, and Southeast Asia.","mission,nurture talents,citizens,social progress"
campus_life,general_info,Who is eligible to apply for student accommodation?,Student accommodation is available for active and full-time students. New students' room allocation is processed only after they have accepted an offer to study at Xiamen University Malaysia.,"eligibility,application,students,new"
campus_life,general_info,What is the deadline for submitting accommodation applications?,Completed application forms must be submitted to the Accommodation Office no less than two (2) weeks prior to the commencement of the new semester.,"application,deadline,submission,semester"
campus_life,general_info,What are the steps to apply for student accommodation?,"To apply, request the Residence Application Form and submit the completed form along with the residence application fee payment slip via email to studentaccommodation@xmu.edu.my.","application,steps,email,form"
campus_life,general_info,What is the residence application fee and is it refundable?,"The residence application fee is RM 100, and it is non-refundable. It must accompany the submission of the application form.","application,fee,non-refundable,RM100"
campus_life,general_info,Can students choose their preferred room type?,"Room types are options stated on the application form, but all applications are subject to room availability. The University reserves the right to assign any other available accommodation type.","room type,choice,availability,assignment"
campus_life,general_info,Is a deposit required for student accommodation and is it refundable?,"A refundable deposit of RM 500 is required upon check-in, along with one semester's rental.","deposit,refundable,RM500,check-in"
campus_life,general_info,What is the payment schedule for student accommodation rental?,Rental payment is made on a per-semester basis and is due within seven (7) working days from the commencement of the new semester.,"rental,payment,schedule,semester"
campus_life,general_info,"How are utility charges, specifically electricity, handled?","Students are billed monthly for electricity consumption. If a unit is occupied by more than one resident, the charges are borne equally among them.","utilities,electricity,billing,shared"
campus_life,general_info,How can a student terminate their accommodation tenancy?,Tenancy termination is allowed after a minimum stay of one (1) semester by giving the Accommodation Office at least one-month written notice via email to studentaccommodation@xmu.edu.my.,"tenancy,termination,notice,email"
campus_life,general_info,What facilities are provided in the student rooms?,"Rooms include a bed frame, mattress, wardrobe, study table and chair, air conditioning (electricity excluded), Wi-Fi, and an en-suite bathroom with a water heater.","room,facilities,amenities,provided"
campus_life,general_info,What general facilities are available to residents on campus?,"General facilities include a common pantry on each floor, a laundry room, 24/7 safety and security, canteens, and a Student Activity Centre with a gym and swimming pool.","general,facilities,campus,student"
campus_life,general_info,Where can I find the comprehensive accommodation rules and regulations?,"For full details, refer to the Xiamen University Malaysia Residences Management Rules and Regulations, available for download from the website.","rules,regulations,policies,download"
campus_life,general_info,What is the background of XMUM?,"Upon the invitation of the Malaysian Ministry of Higher Education, Xiamen University (XMU) accepted the offer and thus, XMUM was established. We began in earnest to build our first offshore campus in Malaysia and became the pioneer university from China to establish a branch campus in Malaysia.","establishment,history,pioneer,China"
campus_life,general_info,What is the main focus of XMUM?,"Xiamen University Malaysia aspires to become a university with a distinct global outlook, featuring first-class teaching and research, and embracing cultural diversity. It is committed to nurturing young talents with dignity and wisdom, helping them become responsible, steadfast members of society who will be able to contribute to the people, as well as to the social progress of Malaysia, China and Southeast Asia.","mission,vision,global,diversity"
campus_life,general_info,What is the motto of XMUM?,"The motto of XMUM is ""Pursuing Excellence, Striving for Perfection"".","motto,excellence,perfection"
campus_life,general_info,How is XMUM’s parent university –XMU ranked globally?,"XMU, founded in 1921 by Mr. Tan Kah Kee, was the first Chinese higher educational institution established by an overseas Chinese. According to the “2025–2026 Best Global Universities Rankings,” XMU is ranked 189th globally.","parent university,ranking,XMU,global"
campus_life,general_info,Where is XMUM located?,"XMUM is located at Jalan Sunsuria, Bandar Sunsuria, Sepang, only a 5-minute drive from ERL Salak Tinggi, a 10-minute drive from Kuala Lumpur International Airport, and a 15-minute drive from the Government Administrative Center - Putrajaya.","location,address,Sepang,airport"
campus_life,general_info,How is the campus of XMUM?,"XMUM has a purpose-built campus occupying an area of 150 acres with an estimated total investment of RM 1.3 billion. The maximum capacity of the campus is 10,000 students.","campus,size,investment,capacity"
campus_life,general_info,What are the facilities available to students?,"XMUM is equipped with state-of-the-art facilities, such as multimedia lecture halls, seminar rooms, tutorial rooms, multi-purpose student activity center with Olympic-sized swimming pool, gym, library, and labs.","facilities,campus,amenities,students"
campus_life,general_info,What are the programmes offered? What are the most popular programmes of XMUM?,Each programme is endowed with its own merits and students have the liberty to choose the programmes that piques their interests.,"programmes,courses,offerings"
campus_life,general_info,How many semesters are there in each academic year?,There are three semesters per academic year for all programmes.,"semesters,academic year,duration"
campus_life,general_info,What is the medium of instruction?,"Except for some Chinese Studies and Traditional Chinese Medicine courses conducted in Chinese, all the other programmes will be delivered in English.","language,instruction,English,Chinese"
campus_life,general_info,Where are the teaching faculty from?,"About 30% of our teaching faculty are from Xiamen University in China, while the rest are recruited from around the globe. In addition, 80% of our academic staff hold doctoral degrees.","faculty,staff,origin,qualifications"
campus_life,general_info,Are the programmes at XMUM recognised internationally?,"Yes, all the programmes offered are internationally recognised, with dual approval from both the Malaysian and Chinese governments.","recognition,international,accreditation"
campus_life,general_info,Are the foundation programmes of other institutions recognised by XMUM?,"Yes, we recognise foundation programmes from other institutions that are accredited by MOHE Malaysia. Admission, however, is subject to a stringent internal evaluation process.","foundation,recognition,transfer,MOHE"
campus_life,general_info,What do students need to do if they want to transfer credits of their previous studies?,"Students need to complete the External Credit Transfer Application Form, provide transcripts and detailed syllabi of their previous studies for us to make assessment. Only when the similarity of the two courses reaches 80% can credit transfer be considered. In such cases, students may be exempted from qualified courses and receive the corresponding fee waiver. The application for credit transfer will only be processed after the students have been admitted to XMUM.","credit transfer,application,transcripts,syllabi"
campus_life,general_info,How long does it take to complete a degree?,"The duration for bachelor degree programmes of arts, management and economics is three years while it takes four years to complete the engineering and science degree progammes. The traditional Chinese medicine programme is 5-year in length.","degree duration,length,bachelor,programmes"
campus_life,general_info,What is the average class size?,About 20 - 40 students per class.,"class size,students,learning"
campus_life,general_info,How many credit hours do I need to complete for graduation?,"The minimum credits for graduation vary for different programmes. Only when a student fulfils the minimum credits required and attains at least a CGPA of 2.0 (for foundation and undergraduate programmes), can he or she be conferred a degree.","graduation,credits,CGPA,requirements"
campus_life,general_info,Do students have opportunities to study abroad?,"Yes. XMUM collaborates with more than 40 partner universities, providing students with opportunities to study abroad or join exchange programmes for one semester or an academic year. Students may also undertake internships or pursue postgraduate studies either in Malaysia or overseas. The international recognition of XMUM’s qualifications further supports graduates in building strong and successful careers.","study abroad,exchange,international,opportunities"
campus_life,general_info,How to apply to study at XMUM?,"To study here, the applicant can submit an online application, an email application or a paper application.","application,how to apply,online,email"
campus_life,general_info,What is the entry requirement for each programme?,"To be eligible for XMUM’s foundation programmes, the applicant needs to possess either of the following qualifications - SPM, O-level, etc. To be eligible for XMUM’s undergraduate programmes, the applicant needs to possess either of the following qualifications - STPM, UEC, matriculation, foundation, A-level, diploma, etc.","entry requirements,foundation,undergraduate,qualifications"
campus_life,general_info,How many intakes are there in one year?,"For undergraduate programmes, the intakes are in February, April and September. For foundation programmes, the intakes are in April, August, and December.","intakes,admissions,enrollment,dates"
campus_life,general_info,"After gaining a letter of acceptance, what should an applicant do next?",The applicant needs to sign the Student Acceptance Slip and email the scanned copy to the Admissions Office (admissions@xmu.edu.my).,"acceptance,post-offer,next steps,email"
campus_life,general_info,How much does a degree cost?,"For tuition fees, please click here.","tuition fees,cost,degree,expenses"
campus_life,general_info,Does XMUM provide any scholarships? What are the minimum requirements for receiving the scholarships?,Merit-based scholarships are available based on the academic achievements of students. Study grants are provided to students with siblings studying at XMUM or students whose parents are teachers.,"scholarships,financial aid,grants,merit-based"
campus_life,general_info,Is on-campus accommodation provided?,"XMUM provides on-campus accommodation to all registered students. Students are encouraged to live in campus residences, as living on campus fosters a spirit of cooperation and camaraderie that develops into lifelong friendships, and facilitates participation in extra-curricular activities through various cultural, recreational and social programmes.","accommodation,on-campus,housing,residence"
campus_life,general_info,How much is the rental?,The rental ranges from RM 340 to RM 460 per month. Each of the registered student who lives in the campus residences is required to pay a deposit of RM500 (refundable) together with one-semester rental upon check-in.,"rental,cost,deposit,monthly"
campus_life,general_info,What security precautions does the University take on campus?,The hostel is guarded by security guards and is under 24 hour CCTV surveillance every day. We have also installed access controller for main entrances of each hostel block and students need to get through by their Student ID card. Unauthorized guests are barred from entering or staying in the compound of student hostels including rooms and communal areas.,"security,safety,hostel,CCTV"
campus_life,general_info,Do students need to observe any curfew regulation?,The curfew set for the residences is 12:00 am. Residents who wish to leave or return to the campus ground after 12:00 am must report at the guardhouse with their student IDs.,"curfew,regulations,hostel,reporting"
campus_life,general_info,Are there any laundry facilities available?,"Yes, there is a laundry room on the ground floor of each block, providing high-efficiency and fully automatic washing machines and dryers.","laundry,facilities,washing,dryers"
campus_life,general_info,Are students allowed to stay in the hostel during semester breaks?,"Yes, students can stay on campus during semester breaks.","semester break,stay,hostel"
campus_life,general_info,Do students need to bring their own cleaning supplies to clean their rooms?,"Yes, students need to bring cleaning supplies, as they are responsible for the tidiness and cleanliness of their own bedrooms.","cleaning,supplies,rooms,responsibility"
campus_life,general_info,Is mattress provided in the room?,"Yes, we provide quality mattress. However, students need to bring their own pillows and other necessary bedding items.","mattress,bedding,room,provided"
campus_life,general_info,Is electric fan allowed to be used in the hostel room?,"There is an air-conditioner in each room. If it is necessary, students may bring their own electric fan.","electric fan,air-conditioner,room,appliances"
campus_life,general_info,Is there a variety of food offered at XMUM canteen?,"Yes, there are different vendors selling different types of food, catering to the different needs of students.","food,canteen,vendors,dining"
campus_life,general_info,What kind of sports facilities does XMUM provide?,"We have indoor and outdoor basketball courts, an Olympic-sized football field, a track, a gymnasium, a table tennis room, a badminton court, an Olympic-sized swimming pool, a gymnastic room, a martial arts room, a yoga room, etc. Currently, all of the facilities above are free and accessible to all the staff and students.","sports,facilities,recreation,free"
campus_life,general_info,Are there any student insurance plans available?,"XMUM purchases student personal accident insurance plan to provide adequate coverage for all the registered students. The personal accident insurance covers the cost of hospitalization. However, students need to pay the difference if the medical charges exceed the maximum coverage amount.","insurance,accident,medical,coverage"
campus_life,general_info,Where can students get medical assistance?,"We have a clinic on campus, which operates 24 hours a day.","medical,clinic,health,assistance"
campus_life,general_info,"In an event of an emergency, who should be contacted?","In an event of an emergency, students should call the 24-hour XMUM Emergency Helpline - 0193489999. They could also contact the police stations in Sepang, Dengkil and Bandar Baru Salak Tinggi, by calling the numbers 03-31421222, 03-87686222 and 03-87774484 respectively.","emergency,contact,helpline,police"
campus_life,general_info,Are there counselling services available to students?,"Yes, we have a Counselling Center which provides a range of free and strictly confidential services to promote the intellectual, emotional, social growth and development of XMUM students. The range of services include Individual counselling, group counselling, psychological testing, etc.","counselling,mental health,support,free"
academic_navigation,internship_career,What is the primary role of the Career Services Office (CSO) at Xiamen University Malaysia?,"The Career Services Office (CSO) supports students and graduates in navigating the world of careers, turning aspirations into action, and potential into purpose.","career,support,students,graduates"
academic_navigation,internship_career,Who does the Career Services Office (CSO) provide support to?,The Career Services Office (CSO) provides guidance and support to students and graduates of Xiamen University Malaysia (XMUM).,"students,graduates,support,XMUM"
academic_navigation,internship_career,What kind of assistance does Career Coaching offer?,"Career Coaching offers personalized one-on-one sessions to help students discover strengths, clarify goals, and explore their best-fit career path with clarity and confidence.","coaching,strengths,goals,path"
academic_navigation,internship_career,What topics are covered in the workshops offered by the Career Services Office?,"Workshops cover practical skills such as crafting standout resumes, mastering interviews, and personal branding, designed to equip students for success.","workshops,resumes,interviews,branding"
academic_navigation,internship_career,How does the Career Services Office connect students with employers?,The Career Services Office organizes signature campus career fairs and on-campus recruitment events to connect students with recruiters and explore industries.,"career fairs,employers,recruitment,opportunities"
academic_navigation,internship_career,What support is available for internships and job placements?,The Career Services Office leverages its strong employer network to help students land internships and job opportunities that align with their passion and potential.,"internships,job placement,employer network,opportunities"
academic_navigation,internship_career,What benefits do Industry Partnerships and MoUs provide to students?,"Industry Partnerships and Memorandums of Understanding (MoUs) create long-term collaborations that offer students early access to job offers, mentorship, and real-world projects.","partnerships,MoUs,job offers,mentorship"
academic_navigation,internship_career,What is the mission of the Career Services Office at Xiamen University Malaysia?,"The mission of the Career Services Office is to empower XMUM students to confidently pursue their purpose and potential, with heart, skill, and the support they need to thrive.","mission,empower,purpose,potential"
academic_navigation,internship_career,How can students make an appointment with the Career Services Office?,Students can make an appointment by sending an email to careerservices@xmu.edu.my before visiting.,"contact,appointment,email,careerservices@xmu.edu.my"
academic_navigation,internship_career,Where is the Career Services Office located?,The Career Services Office is located at B1-107.,"location,office,B1-107,contact"
campus_life,general_info,What department manages clubs and societies at Xiamen University Malaysia?,The Extra-Curricular Activities (ECA) Department manages clubs and societies at Xiamen University Malaysia.,"ECA,department,Xiamen,Malaysia"
campus_life,general_info,What is the overall goal of joining clubs and societies at Xiamen University Malaysia?,"The overall goal of joining clubs and societies at Xiamen University Malaysia is to ""Unleash Your Potential"" through Extra-Curricular Activities (ECA).","potential,ECA,activities,growth"
campus_life,general_info,What types of activities do sports clubs offer?,"Sports clubs offer activities to fuel competitive spirit and help students stay active, catering to every level of athletic ability.","sports,active,competitive,athletic"
campus_life,general_info,Can you list some of the sports clubs available at Xiamen University Malaysia?,"Some of the sports clubs available include Badminton Club, Swimming Club, Acrux Cheerleading Club, Football Club, Martial Arts Club, Basketball Club (Sharks), Table Tennis Club, Tennis Club, Volleyball Club, Track & Field Club, Fitness Club, Outdoor Adventure Club, Kendo Club, Chess Club, Blaze Dodgeball Club, Ultimate Frisbee Club (Krakens), E-Sport Club (Vulcan), Scuba Diving Club, and Yoga Club.","sports,list,clubs,physical"
campus_life,general_info,What is the main objective of the 'General' category clubs?,"The main objective of the General clubs is to allow students to explore a wide range of interests, develop new skills, engage in meaningful discussions, connect with peers, and grow personally and socially outside the classroom.","general,skills,social,interests"
campus_life,general_info,Which clubs fall under the 'General' category?,"Clubs under the 'General' category include Board Games Society, XMUM Business Association, Chinese Debate Society, English Language Society, Math Society, Photography Society, Speak-T Society, Environmental Club, Astronomy Club, X-Tech Club, Robotic Club, Rubik's Club, Coding Club, and AI Club.","general,academic,diverse,hobbies"
campus_life,general_info,What talents can students showcase in Performing Arts clubs?,"Students can showcase their talents in music, dance, or drama through Performing Arts clubs, which light up the stage with performances, concerts, and creative showcases.","performing,arts,music,dance"
campus_life,general_info,Name some clubs dedicated to performing arts.,"Performing arts clubs include XMUM Philharmonic Orchestra (XMPO), Music Club, Ukulele Society, Yanan Chinese Orchestra (YCO), Dance Club, Drama Society, 24 Festive Drums Club, and Diabolo Club.","orchestra,drama,dance,music"
campus_life,general_info,What is the focus of the Culture & Arts clubs?,"The focus of the Culture & Arts clubs is to explore creativity and global perspectives through culture, art, and expression, connecting members and bringing diverse worlds to campus life.","culture,art,global,diversity"
campus_life,general_info,Which clubs promote culture and arts?,"Clubs promoting culture and arts are Visual Art Club, Nanqiang Calligraphy Society, Chinese Society, Christian Fellowship Club, Traditional Chinese Medicine Society, Buddhist Society, Korean Cultures & Arts Society, ACG Research Society, Tea Club, Coffee Club - The Brewix, Muslim Society, and Handcraft Society.","cultural,societies,art,traditional"
campus_life,general_info,What is the purpose of Service & Volunteerism clubs?,"The purpose of Service & Volunteerism clubs is to make a difference through community service and social impact initiatives, empowering students to give back, raise awareness, and become agents of positive change.","service,volunteer,community,impact"
campus_life,general_info,List some Service & Volunteerism clubs.,"Some Service & Volunteerism clubs include First Aid Society, AIESEC, Omega Leo Club, Rotaract Club, and Youth Leader Association.","charity,help,aid,leadership"
campus_life,general_info,What do International Communities clubs offer students?,"International Communities clubs offer students a global community experience on campus, allowing them to celebrate cultural identities, foster cross-cultural understanding, and build global friendships.","international,community,culture,global"
campus_life,general_info,Can you name specific international student communities at Xiamen University Malaysia?,"Specific international student communities are International Student Ambassador (ISA), XMUM Yemen Student Community, XMUM Central Asia Student Community (CASC), and XMUM Indonesian Student Community - Garuda Dwi Pantara (GADPA).","international,students,ambassador,communities"
campus_life,general_info,What is the main website for Xiamen University Malaysia?,"""The main website for Xiamen University Malaysia is www.xmu.edu.my.""","""website"
campus_life,general_info,What is the general enquiry phone number for the Malaysia Campus?,"""The general enquiry phone number for the Malaysia Campus is +03 8800 6800.""","""phone"
campus_life,general_info,What is the phone number for course and enrollment enquiries at the Malaysia Campus?,"""The phone number for course and enrollment enquiries at the Malaysia Campus is +03 7610 2079.""","""enrollment"
campus_life,general_info,What is the physical address of Xiamen University Malaysia Campus?,"""The physical address of Xiamen University Malaysia Campus is Jalan Sunsuria",Bandar Sunsuria
campus_life,general_info,How can prospective local students contact Xiamen University Malaysia?,"""Prospective local students can contact Xiamen University Malaysia via email at enquiry@xmu.edu.my.""","""local"
campus_life,general_info,What is the email address for international student enquiries?,"""The email address for international student enquiries is int.enquiry@xmu.edu.my.""","""international"
campus_life,general_info,What is the estimated train travel time from KLIA to Salak Tinggi ERL station?,"""The estimated train travel time from KLIA to Salak Tinggi ERL station is 7 minutes.""","""train"
campus_life,general_info,What is the estimated car travel time from KLIA to Xiamen University Malaysia Campus?,"""The estimated car travel time from KLIA to Xiamen University Malaysia Campus is 20 minutes (approximately 15.3km).""","""car"
campus_life,general_info,What is the contact email for accommodation enquiries?,"""The contact email for accommodation enquiries is studentaccommodation@xmu.edu.my.""","""accommodation"
campus_life,general_info,What are the website and phone numbers for the Xiamen University China Office?,"""The website for the China Office is xmu.edu.cn and the phone numbers are +86 592 2183989 / 2188700.""","""China"
campus_life,library,What book services are available at Xiamen University Malaysia Library?,"The library offers Loan & Return, Fines & Report Lost, Purchase Request, and Document Delivery services.","book,services,loan,return"
campus_life,library,What learning services are provided by the Xiamen University Malaysia Library?,"Learning services include Moodle, Turnitin, Computers, Printing, and Scholarly Work support.","learning,services,Moodle,printing"
campus_life,library,What e-resources can be accessed through the Xiamen University Malaysia Library?,"Users can access Library E-Resources, OPAC, E-Books, and E-Journals.","e-resources,OPAC,e-books,e-journals"
campus_life,library,What is the OPAC system and what are its functions?,"The OPAC (Online Public Access Catalog) system allows patrons to search diverse book collections (course reserves, reference, general reading), access account information, check borrowed books, and view fines.","OPAC,catalog,search,books"
campus_life,library,What are the Xiamen University Malaysia Library's opening hours during the semester?,"During the semester (from April 6, 2026 onwards), the library is open Monday - Friday from 09:00 - 22:00, and Saturday - Sunday from 09:00 - 17:00.","opening hours,semester,schedule,library"
campus_life,library,What are the Xiamen University Malaysia Library's opening hours during semester breaks?,"During semester breaks, the library is open Monday - Friday from 09:00 - 17:00 and is closed on Saturday - Sunday.","semester break,hours,closed,library"
campus_life,library,How do public holidays affect the library's opening hours during the semester?,"On some public holidays like Eid al-Adha or Wesak Day (May 27, May 31, June 2, 2026), the library is open from 09:00 - 17:00. On others, like Agong's Birthday (June 1, 2026), it is closed.","public holidays,hours,closed,open"
campus_life,library,Where can I find information about the Makerspace at Xiamen University Malaysia Library?,"Information is available regarding About Makerspace, How to Apply, Safety Guidelines, Rules and Regulations, and the Makerspace Calendar.","Makerspace,apply,guidelines,rules"
campus_life,library,What types of physical spaces are available at the Xiamen University Malaysia Library?,"The library offers various spaces including a Makerspace, Instruction Room, and a Mini Cinema (with 3D).","spaces,cinema,instruction,Makerspace"
campus_life,library,How can users stay updated on changes to the library's operating hours?,Operating hours are subject to change; users should refer to the latest announcements on the library website or contact librarian@xmu.edu.my.,"hours,changes,contact,website"
academic_navigation,courses_syllabus,What types of undergraduate programmes does Xiamen University Malaysia (XMUM) offer?,"XMUM offers a wide range of carefully designed undergraduate programmes spanning academic disciplines like business, communication, science, technology, arts and social sciences, energy and chemical engineering, marine sciences, computing and data science, artificial intelligence and robotics, mathematics and physics, and traditional Chinese medicine.","programmes,disciplines,fields,range"
academic_navigation,courses_syllabus,What specific programmes are offered under Economics and Management?,"Under Economics and Management, XMUM offers Bachelor of Management in Accounting (Honours), Bachelor of Economics in Finance (Honours), Bachelor of Management in International Business (Honours), Bachelor of Management in E-Commerce (Honours), and Bachelor of Management in Hospitality Management (Honours).","Economics,Management,programmes,degrees"
academic_navigation,courses_syllabus,What specific programmes are offered under Communication?,"Under Communication, XMUM offers Bachelor of Arts in Journalism (Honours), Bachelor of Arts in Advertising (Honours), and Bachelor of Arts in Communication (Honours).","Communication,Journalism,Advertising,Arts"
academic_navigation,courses_syllabus,What specific programmes are offered under Computing and Data Science?,"Under Computing and Data Science, XMUM offers Bachelor of Engineering in Computer Science and Technology (Honours), Bachelor of Engineering in Software Engineering (Honours), Bachelor of Engineering in Digital Media Technology (Honours), Bachelor of Engineering in Cyber Security (Honours), and Bachelor of Engineering in Data Science (Honours).","Computing,Data Science,Engineering,Software"
academic_navigation,courses_syllabus,What specific programmes are offered under Artificial Intelligence and Robotics?,"Under Artificial Intelligence and Robotics, XMUM offers Bachelor of Electrical and Electronics Engineering (Hons), Bachelor of Engineering in Artificial Intelligence (Honours), and Bachelor of Robotics and Automation Engineering with Honours.","AI,Robotics,Engineering,Electrical"
academic_navigation,courses_syllabus,How many methods are available to apply to XMUM?,"There are three easy methods to apply to XMUM: Online Application, Email Application, and Paper Application.","application,methods,apply,enrollment"
academic_navigation,courses_syllabus,What is the application fee for XMUM?,The application fee for XMUM is RM100 and is non-refundable.,"application,fee,cost,non-refundable"
academic_navigation,courses_syllabus,What is the registration fee for XMUM?,The registration fee for XMUM is RM200 and is non-refundable.,"registration,fee,cost,non-refundable"
academic_navigation,courses_syllabus,What payment methods are accepted for fees at XMUM?,"XMUM accepts Cash, Cheque or Bank Draft, Bank Transfer, and Flywire (for new international students).","payment,methods,fees,options"
academic_navigation,courses_syllabus,Who is the beneficiary for fee payments made via bank transfer?,"The beneficiary for fee payments made via bank transfer is ""XMU JIAGENG EDUCATION DEVELOPMENT SDN BHD"".","beneficiary,payment,bank,transfer"
academic_navigation,courses_syllabus,What are the required supporting documents for application?,"Required supporting documents include a certified copy of academic transcripts, a certified copy of diploma/certificate, NRIC (Malaysians) or passport (International), Scholarship & Grant Form (if applicable), and proof of fee payment.","documents,required,application,supporting"
academic_navigation,courses_syllabus,How can students apply for on-campus accommodation?,"Students may apply for on-campus accommodation during the application process, with details provided in the official application materials.","accommodation,on-campus,apply,housing"
academic_navigation,courses_syllabus,Who should be contacted for admissions inquiries at XMUM?,"For admissions inquiries, you can contact admissions@xmu.edu.my.","admissions,contact,email,inquiry"
academic_navigation,courses_syllabus,What is Flywire and who is it for?,"Flywire is a service partnered with XMUM to streamline fee payments for international students, allowing them to pay in their home currency with benefits like online payment tracking, no bank fees, and 24/7 multilingual customer support.","Flywire,international,payments,fees"
academic_navigation,courses_syllabus,What are the payment amounts for new international students using Flywire?,"New international students can pay Admin Fees (RM 3,068) or Admin Fees & Security Deposit (RM 4,068) using Flywire.","Flywire,international,fees,deposit"
academic_navigation,courses_syllabus,Where can I find more information about scholarships and financial aids?,"More information about scholarships and financial aids can be found by visiting the ""Scholarships & Financial Aids"" section of the website.","scholarships,financial,aids,information"
campus_life,clubs_activities,What is the Student Helpdesk at Xiamen University Malaysia (XMUM)?,The Student Helpdesk acts as the first point of contact for students to Xiamen University Malaysia (XMUM).,"helpdesk,contact,XMUM,students"
campus_life,clubs_activities,What types of assistance and services does the Student Helpdesk provide?,"The Student Helpdesk provides assistance and services mainly for Student Vehicle Registration, Feedback, Lost and Found, Student Verification, Student Personal Accident Insurance, and PTPTN Enquiries.","services,assistance,helpdesk,student"
campus_life,clubs_activities,Does the Student Helpdesk assist with student vehicle registration?,"Yes, the Student Helpdesk provides assistance for Student Vehicle Registration.","vehicle,registration,student,campus"
campus_life,clubs_activities,Can students provide feedback through the Student Helpdesk?,"Yes, the Student Helpdesk provides services for students to submit Feedback.","feedback,suggestions,student"
campus_life,clubs_activities,Where can students report lost items or inquire about found items?,Students can utilize the Student Helpdesk for Lost and Found services.,"lost,found,items,helpdesk"
campus_life,clubs_activities,For what purposes does the Student Helpdesk offer Student Verification?,The Student Helpdesk offers Student Verification for purposes such as lost/damaged student ID card reports and public transport discount card registration.,"verification,ID card,transport,discount"
campus_life,clubs_activities,Does the Student Helpdesk provide services related to student personal accident insurance?,"Yes, the Student Helpdesk provides services concerning Student Personal Accident Insurance.","insurance,accident,personal,student"
campus_life,clubs_activities,Can students make PTPTN enquiries at the Student Helpdesk?,"Yes, the Student Helpdesk handles PTPTN Enquiries.","PTPTN,enquiries,financial,loan"
academic_navigation,documents_identity,What is a Campus ID?,A Campus ID is a unique identification card for all staff and students.,"identification,staff,students,unique"
academic_navigation,documents_identity,How do I set or reset my Campus ID password?,"Upon receiving your Campus ID, you need to access https://id.xmu.edu.my to set or reset your password. A link will be sent to your Campus Email Address (Outlook Inbox/Spam/Junk).","password,reset,set,email"
academic_navigation,documents_identity,What are the main uses of the Campus ID and password?,"The Campus ID and password can be used to log in to multiple information service systems, including borrowing books, self-service printing, door access, discussion room booking, VPN access, Moodle, Academic Affairs Online Systems, upcoming student portal, and Turnitin. The Campus ID (ECard) can also be used in canteens, supermarkets, and for paying fines in the Library.","uses,services,login,access"
academic_navigation,documents_identity,What is the fee for a replacement Campus ID card?,"A replacement card is free of charge only if your card is stolen (with a police report presented), damaged, or no longer works. Otherwise, a lost card fee of RM30 will be imposed for a replacement Campus Staff/Student ID ECard.","fee,replacement,lost,stolen"
academic_navigation,documents_identity,How do students apply for a replacement Campus ID card?,"Students should email or visit B1-107 (Student Affairs Office) to report a lost Campus/Student ID. After reporting, proceed to make payment at the Finance office before submitting the card replacement form to IT.","students,replacement,lost,process"
academic_navigation,documents_identity,How do staff apply for a replacement Campus ID card?,"Staff should fill in the ""Staff ECard Replacement eForm"", proceed to make payment of RM30 at the Finance office, and then submit the card replacement form to IT.","staff,replacement,lost,eForm"
academic_navigation,documents_identity,When do new and progress students need to upload their photo for the Campus ECard?,"New and progress students need to upload their photo by the first week of new class commencement. More details can be found on ""How to upload a photo for Campus ECard processing.""","photo,upload,new students,deadline"
academic_navigation,documents_identity,When is a Campus ID inactivated?,Your Campus ID will be inactivated once you have left or graduated from the University.,"inactivated,graduated,left,university"
academic_navigation,documents_identity,How can I get assistance for Campus ID related issues?,"For further assistance, you can email it@xmu.edu.my or raise an AskA request. IT support attends to requests during working hours (Monday-Friday).","assistance,support,IT,contact"
campus_life,it_connectivity,When is the campus email address and initial password provided?,"""The campus email address and initial password are provided during student registration for students or on-boarding for staff.""","provision,registration,onboarding"
campus_life,it_connectivity,What is the format for a campus email address?,"""The campus email address format is CampusID@xmu.edu.my.""","format,address,example"
campus_life,it_connectivity,How do I sign in to my campus email?,"""You can sign in to your campus email through https://www.office.com.""","login,sign-in,office.com"
campus_life,it_connectivity,Do I need to change my initial campus email password?,"""Yes","users must change the provided initial password upon the first login."""
campus_life,it_connectivity,Should I log out after using my campus email?,"""Yes","you should always log out of the application every time after using your campus email."""
campus_life,it_connectivity,How can I customize my campus email settings?,"""After signing in",click on the gear icon in the top right corner of the page to customize your email and Office 365 settings
campus_life,it_connectivity,What applications can I access through my campus email login?,"""Through your campus email login",you can access Outlook (Email)
campus_life,it_connectivity,How do I set the time zone for my Campus Email Outlook and Teams Calendar?,"""To set the time zone",click the gear icon in the top right
campus_life,it_connectivity,Why is it important to check my campus email frequently?,"""It is important to check your campus email frequently because the University uses it as a primary communication channel for announcements and information.""","communication,announcements,frequently"
campus_life,it_connectivity,What platform is used for campus email and other services?,"""All users can access campus email using Microsoft 365 Outlook and other valuable Microsoft 365 cloud services.""","Microsoft 365,Outlook,cloud services"
campus_life,it_connectivity,What happens to my campus email account after I leave or graduate from the University?,"""Your campus email address will be inactivated and eventually removed immediately once you have left or graduated from the University.""","inactivation,graduation,removal"
campus_life,it_connectivity,Should I archive my campus email data?,"""Yes",you should archive your important email or data regularly while your campus email account is still active
campus_life,it_connectivity,Is the University responsible for recovery of lost data from campus email or Microsoft 365 services?,"""No","the University does not take any responsibility for the recovery of saved files or data loss on Microsoft 365 applications and services."""
campus_life,it_connectivity,How do I change my initial campus email password?,"""To change your initial password",sign in through https://www.office.com
campus_life,it_connectivity,How can I reset my campus email password if I forgot it while on campus?,"""If on campus",you can visit the Library Circulation Counter (A3 2nd Floor) with your Campus ECard/IC/Passport
campus_life,it_connectivity,How can I reset my campus email password if I forgot it while off campus?,"""If off campus","you can raise an AskA request (app.xmu.edu.my/aska) and attach a softcopy of your Campus ECard/IC/Passport for identity verification."""
campus_life,it_connectivity,What are the requirements for a strong campus email password?,"""A strong password must have a minimum length of 8 characters and use multiple character sets",including uppercase and lowercase characters
campus_life,it_connectivity,How do I archive my campus emails?,"""You can archive your emails",contacts
campus_life,it_connectivity,What is a phishing email?,"""A phishing email is a fraudulent communication designed to appear from a trusted source",usually via email
campus_life,it_connectivity,How do phishing attacks work?,"""Phishing attacks work by sending fraudulent emails that appear to be from trusted senders (like the university)","coaxing victims into providing confidential information on scam websites or downloading malware."""
campus_life,it_connectivity,What are common indicators of a phishing email?,"""Phishing emails often have an aggressive tone",claim immediate action is needed to avoid repercussions
campus_life,it_connectivity,How can I protect myself from phishing emails?,"""To protect yourself",avoid sending private information via email
campus_life,it_connectivity,What should I do if I suspect an email is a phishing attempt?,"""If you suspect an email is a phishing attempt",forward it to it@xmu.edu.my for checking
campus_life,it_connectivity,What is the main role of the Student Helpdesk at Xiamen University Malaysia?,The Student Helpdesk acts as the first point of contact for students to Xiamen University Malaysia (XMUM).,"role,contact,students,XMUM"
campus_life,it_connectivity,What services does the Student Helpdesk primarily provide?,"The Student Helpdesk mainly provides assistance and services for Student Vehicle Registration, Feedback, Lost and Found, Student Verification, Student Personal Accident Insurance, and PTPTN Enquiries.","services,assistance,help,support"
campus_life,it_connectivity,Can the Student Helpdesk assist with student vehicle registration?,"Yes, the Student Helpdesk provides assistance and services for Student Vehicle Registration.","vehicle,registration,campus,driving"
campus_life,it_connectivity,Does the Student Helpdesk handle student feedback?,"Yes, the Student Helpdesk provides assistance and services related to student Feedback.","feedback,complaints,suggestions,opinions"
campus_life,it_connectivity,Where should students go for Lost and Found items?,The Student Helpdesk provides assistance and services for Lost and Found items.,"lost,found,items,belongings"
campus_life,it_connectivity,What purposes does Student Verification by the Helpdesk serve?,Student Verification is provided for purposes such as lost/damaged student ID card reports and public transport discount card registration.,"verification,ID card,transport,discount"
campus_life,it_connectivity,Can the Student Helpdesk assist with Student Personal Accident Insurance?,"Yes, the Student Helpdesk provides assistance and services for Student Personal Accident Insurance.","insurance,accident,personal,coverage"
campus_life,it_connectivity,Does the Student Helpdesk handle PTPTN enquiries?,"Yes, the Student Helpdesk provides assistance and services for PTPTN Enquiries.","PTPTN,enquiries,questions,loan"
campus_life,it_connectivity,Are campus buildings fully covered by wireless network signal?,"Yes, all campus building areas are fully covered by the campus wireless network signal.","coverage,campus,signal,wireless"
campus_life,it_connectivity,How do users access the campus WIFI network?,Users can access the WIFI network through the University’s Central Authentication System (CAS) and obtain an IP address and configuration setting automatically via DHCP.,"access,CAS,DHCP,authentication"
campus_life,it_connectivity,When was the wireless network enhancement implemented for students?,The wireless network enhancement for Student WIFI SSIDs was implemented on 27th March 2026.,"enhancement,student,date,implementation"
campus_life,it_connectivity,What are the WIFI SSIDs for students?,The WIFI SSIDs for students are 'Student-5G' or 'Student'.,"student,SSID,name,identification"
campus_life,it_connectivity,How do students log in to the campus WIFI?,Students log in by entering their Campus ID and password on the redirected login screen/page. Their device should remain connected for the duration of the session once logged in.,"student,login,authentication,password"
campus_life,it_connectivity,What are the WIFI SSIDs for staff and how is authentication handled?,"The WIFI SSIDs for staff are 'Staff-5G' or 'Staff'. The password will be advised by the IT Department. Currently, user authentication is not required, but it will be imposed in a later phase.","staff,SSID,password,authentication"
campus_life,it_connectivity,What is the WIFI SSID for the International Academic Exchange Centre and how do users get the password?,The WIFI SSID for the International Academic Exchange Centre is 'XMU-IAEC'. The password will be advised by IAEC staff.,"IAEC,SSID,password,access"
campus_life,it_connectivity,Is it allowed to use a personal wireless router on campus?,"If you would like to use your own wireless router, you must seek approval from the IT Department.","router,personal,approval,IT"
campus_life,it_connectivity,What are the restrictions for naming personal WIFI SSIDs on campus?,"The WIFI name (SSID) for personal use cannot begin with 'XMU' and cannot use the same SSID names as Guest, Staff, Student, etc.","personal,SSID,restrictions,naming"
campus_life,it_connectivity,Is internet access provided by the university free of charge?,"Yes, internet access provided by the University is currently free of charge.","internet,cost,free,university"
campus_life,it_connectivity,How can users get assistance with WIFI issues?,"Users can visit the IT Office A3-103 (1F) during working hours, email IT at it@xmu.edu.my, or raise an 'AskA' request for further assistance.","support,contact,IT,assistance"
admin_directory,about_xmum,What is the full name of the university?,The full name of the university is Xiamen University Malaysia (XMUM).,"university,name,XMUM"
admin_directory,about_xmum,What is the motto of Xiamen University Malaysia (XMUM)?,"The motto of XMUM is ""Pursuing Excellence, Striving For Perfection"".","XMUM,motto,excellence,perfection"
admin_directory,about_xmum,What is Xiamen University Malaysia's (XMUM) vision?,"XMUM aspires to become a university with a distinct global outlook, featuring first-class teaching and research, and embracing cultural diversity.","XMUM,vision,global outlook"
admin_directory,about_xmum,What is Xiamen University Malaysia's (XMUM) mission?,"To nurture young talents with dignity and wisdom, turning them into fine citizens of the region who will contribute to the prosperity of the people and social progress of Malaysia, China and Southeast Asia.","XMUM,mission,nurture,talents"
academic_navigation,courses_syllabus,What are the registration and orientation dates for the February Semester 2025?,Registration Days: 7 & 8 Feb 2025. Orientation Day: 9 Feb 2025.,"academic calendar,February,2025"
academic_navigation,courses_syllabus,When is the Examination Week for the February Semester 2025?,The Examination Week for the February Semester 2025 is from 17 - 24 Mar 2025.,"examination,February,2025"
academic_navigation,courses_syllabus,When is the Semester Break after the February Semester 2025?,The Semester Break after the February Semester 2025 is from 22 - 27 Mar 2025.,"semester break,February,2025"
academic_navigation,courses_syllabus,What are the registration and orientation dates for the April Semester 2025?,Registration Days: 28 & 29 Mar 2025. Orientation Day: 30 Mar 2025.,"academic calendar,April,2025"
admin_directory,about_xmum,When is the Revision Week for the April Semester 2025?,The Revision Week for the April Semester 2025 is from 14 - 20 Jul 2025.,"revision,April,2025"
academic_navigation,courses_syllabus,When is the Examination Week for the April Semester 2025?,The Examination Week for the April Semester 2025 is from 21 Jul - 1 Aug 2025.,"examination,April,2025"
academic_navigation,courses_syllabus,When is the Semester Break after the April Semester 2025?,The Semester Break after the April Semester 2025 is from 2 Aug - 18 Sep 2025.,"semester break,April,2025"
academic_navigation,courses_syllabus,What are the registration and orientation dates for the September Semester 2025?,Registration Days: 19 & 20 Sep 2025. Orientation Day: 21 Sep 2025.,"academic calendar,September,2025"
admin_directory,about_xmum,When is the Revision Week for the September Semester 2025?,The Revision Week for the September Semester 2025 is from 5 - 11 Jan 2026.,"revision,September,2025"
academic_navigation,courses_syllabus,When is the Examination Week for the September Semester 2025?,The Examination Week for the September Semester 2025 is from 12 - 23 Jan 2026.,"examination,September,2025"
academic_navigation,courses_syllabus,When is the Semester Break after the September Semester 2025?,The Semester Break after the September Semester 2025 is from 24 Jan - 19 Feb 2026.,"semester break,September,2025"
academic_navigation,courses_syllabus,What are the registration and orientation dates for the February Semester 2026?,Registration Days: 20 & 21 Feb 2026. Orientation Day: 22 Feb 2026.,"academic calendar,February,2026"
academic_navigation,courses_syllabus,When is the Examination Week for the February Semester 2026?,The Examination Week for the February Semester 2026 is from 30 Mar - 3 Apr 2026.,"examination,February,2026"
academic_navigation,courses_syllabus,What are the registration and orientation dates for the April Semester 2026?,Registration Days: 3 & 4 Apr 2026. Orientation Day: 5 Apr 2026.,"academic calendar,April,2026"
admin_directory,about_xmum,When is the Revision Week for the April Semester 2026?,The Revision Week for the April Semester 2026 is from 13 - 19 Jul 2026.,"revision,April,2026"
academic_navigation,courses_syllabus,When is the Examination Week for the April Semester 2026?,The Examination Week for the April Semester 2026 is from 20 - 31 Jul 2026.,"examination,April,2026"
academic_navigation,courses_syllabus,When is the Semester Break after the April Semester 2026?,The Semester Break after the April Semester 2026 is from 1 Aug - 24 Sep 2026.,"semester break,April,2026"
academic_navigation,courses_syllabus,What are the registration and orientation dates for the September Semester 2026?,Registration Days: 25 & 26 Sep 2026. Orientation Day: 27 Sep 2026.,"academic calendar,September,2026"
admin_directory,about_xmum,When is the Revision Week for the September Semester 2026?,The Revision Week for the September Semester 2026 is from 4 - 10 Jan 2027.,"revision,September,2026"
academic_navigation,courses_syllabus,When is the Examination Week for the September Semester 2026?,The Examination Week for the September Semester 2026 is from 11 - 21 Jan 2027.,"examination,September,2026"
academic_navigation,courses_syllabus,When is the Semester Break after the September Semester 2026?,The Semester Break after the September Semester 2026 is from 23 Jan - 11 Feb 2027.,"semester break,September,2026"
campus_life,general_info,What are some general rules for student dress code at XMUM?,Students are required to be appropriately attired in a manner befitting the status of university students at all times and must wear their student ID card in all academic and public venues. They must also abide by guidelines for specific sports/recreational venues.,"dress code,student ID,general rules"
campus_life,general_info,What apparel is NOT allowed in public venues and formal occasions at XMUM?,"Shorts, skirts that show the knee, sleeveless/singlets, see-through clothing, and flip-flops are not allowed in public venues and formal occasions.","dress code,prohibited,attire"
campus_life,general_info,Who enforces the dress code at XMUM?,All XMUM staff members are empowered to issue warnings and to bar any students who violate the rules.,"dress code,enforcement,staff"
campus_life,documents_identity,What is the purpose of the XMUM Academic Guide and Regulations handbook?,"The handbook aims to strengthen the implementation of standardized academic regulations for undergraduate programmes leading to Bachelor's Degrees, considering current and future university needs.","academic guide,regulations,purpose"
campus_life,it_connectivity,What are some key responsibilities of students regarding academic regulations?,"Students must read and understand all regulations, familiarize themselves with programme specifics, complete course registration on time, check university email/bulletin board regularly, pay tuition fees on time, attend activities, adhere to appointments, seek advice, and be responsible for consequences of non-compliance.","student responsibilities,academic,regulations"
campus_life,general_info,Who determines entry requirements for Bachelor's Degree Programmes?,Entry requirements for Bachelor's Degree Programmes are determined by the University.,"admission,entry requirements"
admin_directory,about_xmum,What happens if a student fails to register within the stipulated time after receiving an admission offer?,"If students fail to register within the stipulated time, they are deemed to have declined the admission offer, although late registration may be allowed within 1-2 weeks with plausible reasons and supporting evidence.","admission,registration,deadline"
academic_navigation,finance_fees,What is provided to registered students for academic purposes?,"Registered students are given a university email, ID, and password to access the Academic Affairs Online System for course registration and other academic-related purposes.","student services,academic system,login"
campus_life,it_connectivity,What is the official communication channel between the University and students?,The university email will be the official communication channel between the University and students.,"communication,official,email"
campus_life,documents_identity,What are the required purposes for carrying a student ID card on campus?,"The student ID card is required for entering the campus, paying fees at the Finance Office, using library facilities, sitting for final examinations, and any other purposes on campus.","student ID,campus access,facilities"
campus_life,it_connectivity,What is the process for withdrawing from the university?,"Students wishing to withdraw must fill out a ""Programme Withdrawal Form"" from the Admissions Office, return university property, and settle all outstanding fees. The process takes up to 5 working days.","withdrawal,process,fees,forms"
academic_navigation,finance_fees,What is the refund policy for tuition fees upon withdrawal?,"Students withdrawing within the first two teaching weeks of a new semester are eligible for a 50% tuition fee refund. After two weeks, there is no refund.","tuition fees,refund,withdrawal"
campus_life,general_info,How can Malaysian students change their study programme?,"Malaysian students can change their study programme by filling out a prescribed form from the Academic Affairs Office and submitting it within two weeks before the end of a semester, provided they meet the new programme's entry requirements.","change programme,Malaysian students"
admin_directory,about_xmum,Are students terminated for disciplinary problems eligible for re-admission?,"No, students who have been terminated by the university due to disciplinary problems will not be eligible for re-admission.","re-admission,disciplinary,ineligible"
campus_life,general_info,What is the maximum duration for deferment of study?,"Students shall not defer their studies for more than one year, except in the case of a health condition certified by a qualified medical practitioner.","deferment,study,duration,health"
academic_navigation,courses_syllabus,What is the fee policy if an application for deferment is received and approved before the semester starts?,"If an application for deferment is received and approved before the semester starts, the student is exempted from paying any fees for the semester.","deferment,fees,exemption"
academic_navigation,courses_syllabus,What is the fee policy if a student applies for deferment after the semester starts?,"If a student applies for deferment after the semester starts, paid tuition fees will be transferred to the next semester. A 50% refund is given if deferment is within the first two teaching weeks; no refund after two weeks.","deferment,fees,refund"
campus_life,general_info,What is the maximum duration of study allowed at XMUM?,The maximum length of study must not exceed 6 years (7 years for Bachelor of Medicine in Traditional Chinese Medicine (Honours)).,"study duration,maximum,degree"
campus_life,general_info,How often is student evaluation of teaching conducted?,Student evaluation of teaching is conducted twice during the long semester and once during the short semester.,"evaluation,teaching,frequency"
campus_life,general_info,What happens if students do not participate in the student evaluation of teaching?,Final semester results will not be released within the required timeframe to students who have not participated in the evaluation process.,"evaluation,results,consequence"
academic_navigation,courses_syllabus,What is the maximum credit hours allowed for a long semester?,The maximum credit hours for a long semester is 21.,"credit hours,long semester"
academic_navigation,courses_syllabus,What is the maximum credit hours allowed for a short semester?,The maximum credit hours for a short semester is 7.,"credit hours,short semester"
academic_navigation,general_info,What is the timeframe for adding or dropping courses?,"The designated timeframe for adding or dropping courses is TWO weeks for a long semester or ONE week for a short semester from the start date. Late applications (before week 5 for long, week 2 for short) may be considered for specific circumstances.","course registration,add/drop,timeframe"
academic_navigation,exams_grades,What is the minimum credit requirement students must maintain when dropping courses?,Students who wish to drop courses must maintain the minimum credit requirement for the semester (60% of the maximum credits per semester).,"course dropping,minimum credits"
academic_navigation,exams_grades,What happens if a student receives a 'Fail' grade in a compulsory course?,"If students receive a 'Fail' grade in a compulsory course, they are required to retake the same course.","retake course,fail grade,compulsory"
academic_navigation,exams_grades,"What is the fee policy for course retakes effective January 1, 2024?","Effective 1 January 2024, all course retake attempts are subject to a chargeable fee: RM500.00 per credit hour for Art and Business courses, RM550.00 per credit hour for Science courses, and RM500.00 per credit hour for General Elective / MPU courses.","retake course,fees,policy"
academic_navigation,general_info,What are the methods of course assessment?,"Course assessment methods can vary and may include continuous assessment (mid-terms, tests, assignments, laboratory work, presentations) and/or a final assessment (final examination).","course assessment,methods,evaluation"
academic_navigation,general_info,What is the minimum attendance requirement for each course?,The minimum attendance requirement for each course is 80%.,"attendance,minimum,course"
campus_life,exams_grades,What happens if a student fails to meet the minimum attendance requirement?,Students who fail to meet the 80% attendance requirement without valid reasons will be barred from taking the final examination for that course and will receive a Grade F.,"attendance,consequences,examination"
academic_navigation,exams_grades,What are the eligibility criteria for final examinations?,"All registered and active students are required to participate in final examinations, provided they have completed official course registration, cleared all outstanding fees, and are not barred from the examination.","final examination,eligibility,fees"
academic_navigation,exams_grades,Under what grounds can students defer their final examinations?,Students may be allowed to defer their final examinations on medical and compassionate grounds and/or valid reasons accepted by the University; common illness or fever will not be considered.,"examination deferment,medical,compassionate"
academic_navigation,exams_grades,What is the deadline for submitting a Deferment Form for final examinations?,"The completed Deferment Form and supporting documents must be submitted to the Academic Affairs Office before the scheduled date of the examination, preferably before the examination week.","examination deferment,deadline,form"
academic_navigation,exams_grades,When is each student's personal examination timetable released?,The Academic Affairs Office will release each student's personal examination timetable one week before the final examination week.,"examination schedule,release"
academic_navigation,exams_grades,What items are permitted in the examination room?,"Permitted items include stationery, student ID for identification, and water bottles without labels or covers.","examination,permitted items"
academic_navigation,exams_grades,What happens if a student is found with unauthorized materials during an examination?,"If students are found with unauthorized materials, it will be assumed they have used them, no defence will be accepted, and all unauthorized materials will be confiscated.","examination,unauthorized materials,misconduct"
academic_navigation,exams_grades,What is the earliest and latest a student can leave the examination room?,"Students are not permitted to leave the examination room during the first 60 minutes after the examination starts and the last 15 minutes before it ends, except for sudden needs.","examination,leaving room,time limits"
academic_navigation,exams_grades,What happens if a student arrives 30 minutes or more after the examination starts?,Students who arrive 30 minutes or more after the examination starts will not be allowed to take the examination.,"examination,late arrival,penalty"
academic_navigation,exams_grades,How are the Grade Point Average (GPA) and Cumulative Grade Point Average (CGPA) calculated?,GPA = (credits attempted for each course x grade point awarded for the course) / The total credits attempted in a semester. CGPA = Σ (credits earned for each course x grade point awarded for the course) / The cumulative credits earned over all semesters.,"GPA,CGPA,calculation,grades"
campus_life,it_connectivity,"What is a ""CONDITIONAL PASS"" status?","A ""CONDITIONAL PASS"" status (Grade Point of 1.7 or Grade C-) allows students to retake the course to achieve a ""Pass"" or higher grade, but can only be utilized ONCE throughout the student's study duration, provided GPA and CGPA are above 2.0 in the current semester.","conditional pass,grades,retake"
academic_navigation,exams_grades,What is the grade threshold for Chemical Engineering and Electrical and Electronics Engineering students to pass a core/major/elective course?,Chemical Engineering and Electrical and Electronics Engineering students must obtain a threshold mark of 40 in the final examination and achieve an overall mark of 55 or above to pass a core/major/elective course.,"grade threshold,engineering"
academic_navigation,exams_grades,"What is the grade threshold for Computer Science and Technology, Software Engineering, Digital Media Technology, Cyber Security, Artificial Intelligence, Data Science, English Language and Literature, Chinese Studies, Accounting, Finance, International Business, and E-Commerce students to pass a core/major/elective course?","These students must obtain a threshold mark of 40 in all assessment components, including the final examination, and an overall mark of 55 or above to pass a core/major/elective course.","grade threshold,computer science,business"
academic_navigation,exams_grades,What is the grade threshold for Traditional Chinese Medicine students to pass a core/major/elective course?,"Traditional Chinese Medicine students must obtain a threshold mark of 50 in all assessment components, including the final examination, and an overall mark of 55 or above to pass a core/major/elective course.","grade threshold,TCM"
academic_navigation,exams_grades,What is the grade threshold for Mathematics and Applied Mathematics students to pass a MAT-coded course?,"Mathematics and Applied Mathematics students must obtain a threshold mark of 40 in all continuous assessment components, and an overall mark of 55 or above to pass a MAT-coded course.","grade threshold,mathematics"
campus_life,general_info,When are official results released to students?,Official results will be made available to students through the AC system within three weeks after the completion of the final examination.,"results,release,timeframe"
campus_life,general_info,What is plagiarism and collusion?,"Plagiarism is copying another person's work without proper acknowledgment, including using AI tools for direct copying or paraphrasing. Collusion is collaborating with others in preparing and writing work when it should be individual effort.","plagiarism,collusion,academic misconduct"
campus_life,general_info,What are the penalties for academic misconduct like plagiarism or collusion?,"Any form of academic misconduct will result in a zero mark for the entire assignment or a portion of it. If collusion involves multiple people, all involved will face the same penalty.","academic misconduct,penalty,zero mark"
academic_navigation,exams_grades,What happens if a student is found guilty of cheating in an examination?,"If proven guilty of cheating in an examination, the student will be considered to have failed the examination, receive a ""Fail"" grade, and will be required to retake the same course.","cheating,examination,penalty,retake"
campus_life,it_connectivity,What is the Student Discipline and Behaviour Committee (SDBC) responsible for?,The SDBC is a committee responsible for handling academic disciplinary-related matters and imposing penalties on students found to have committed misconduct.,"SDBC,discipline,misconduct"
academic_navigation,exams_grades,What penalties can the SDBC impose for examination misconduct?,"Penalties may include a zero mark for the specific examination paper or all assessments, a one-semester suspension, requirement to retake affected assessments, expulsion from the University (for previous cases), a fine, or withholding of grades/transcript/degree.","SDBC,penalties,examination misconduct"
academic_navigation,exams_grades,How can students appeal against their examination results?,"Students can appeal by requesting a re-marking of their final examination answer script for a specific course, submitting the appeal form to the Academic Affairs Office during the first week of a new semester.","appeal,examination results,re-marking"
academic_navigation,exams_grades,What is the fee for appealing an examination result?,"An appeal fee of RM50.00 will be charged for each course, payable at the Finance Office.","appeal,fees,examination result"
academic_navigation,exams_grades,Under what conditions is an examination appeal considered successful and eligible for a refund?,"An appeal is considered successful if the newly awarded mark is higher than the previous one, in which case the payment made for the appeal will be refunded to the student.","appeal,successful,refund"
campus_life,general_info,What are the grounds for appealing against a decision made on academic misconduct/disciplinary matters?,Appeals will be allowed based on grounds such as students believing they have been unfairly judged or major administrative mistakes affecting academic records.,"appeal,disciplinary,misconduct"
campus_life,general_info,What are the graduation requirements at XMUM?,"To be conferred a degree, students must fulfill minimum total credit hours, attain a minimum CGPA of 2.0, have received at most one ""Conditional Pass"" status, and fully settle all outstanding fees and charges.","graduation,requirements,CGPA,fees"
campus_life,general_info,What are the office hours for the Academic Affairs Office?,"The Academic Affairs Office (Room A3#702) is open Monday to Friday from 8:30 am to 5:30 pm, with a lunch break from 12:30 pm to 1:30 pm.","Academic Affairs,office hours,contact"
academic_navigation,finance_fees,What are the additional fees for international students?,"International students are required to pay a refundable Security Deposit of RM1,000 and an International Student Fee of RM2,500 per academic year.","international students,fees,deposit"
academic_navigation,courses_syllabus,When are semester fees due?,Students are required to pay the first semester fees upon enrolment and subsequently within seven (7) working days from the commencement of the new semester.,"fees,payment,deadline"
academic_navigation,courses_syllabus,What happens if semester fees are not paid by the due date?,Students will be automatically barred from attending classes and may have access to facilities withdrawn. Certificates will be withheld at graduation if fees are outstanding. An administrative charge of RM30.00 per week will be imposed after the 7th day.,"fees,late payment,consequences"
academic_navigation,finance_fees,What are the accepted modes of fee payment at XMUM?,"Payment of fees can be made via Finance Office or Online Banking (ePayment portal, online fund transfer), Cheque/Bank Draft, Credit Cards, Direct Bank-In & Telegraphic Transfer (TT), and Cash.","fee payment,modes,options"
campus_life,general_info,What are the contact details and office hours for the Finance Office?,"The Finance Office (Room A3-7-11) is open Monday to Friday from 9:00 am to 5:00 pm. Email: finance@xmu.edu.my, Phone: 03-8800 6856.","Finance Office,contact,office hours"
campus_life,documents_identity,What services does the Student Helpdesk provide?,"The Student Helpdesk provides assistance with student vehicle registration, feedback, lost and found, student verification, student personal accident insurance, and PTPTN enquiries.","Student Helpdesk,services,support"
academic_navigation,finance_fees,What is required to register a motor vehicle with the Student Affairs Office?,"To register a vehicle, students must submit a Student Vehicle Registration Form with photocopies of their Vehicle Registration Card, Student ID, valid Driving License, and an authorization letter if the student is not the owner.","vehicle registration,requirements"
campus_life,documents_identity,What is the policy on lost/damaged student ID cards?,Lost/damaged ID cards must be immediately reported to the Student Helpdesk during working hours and will incur an administrative charge. Only one student ID card is permitted per person at a time.,"student ID,lost,damaged,policy"
campus_life,documents_identity,What does the Student Group Personal Accident Insurance cover for local students?,"For local students, the policy covers accidental death, accidental permanent disablement, accidental death on public common carrier or in school premises, ambulance fees (RM50 private, RM25 government), kidnapping extension (RM15,000), bereavement allowance (RM2,000), daily hospital cash allowance (RM50 private, RM25 government), accidental dental treatment (RM500), and allowance for school/tuition fees.","insurance,personal accident,local students"
campus_life,general_info,Where can students get information about PTPTN (National Higher Education Fund Corporation)?,"Students can visit the helpdesk of the Student Affairs Office to consult on PTPTN eligibilities, loan amounts, online application flow chat, online schedule, and application guidelines.","PTPTN,enquiries,student affairs"
campus_life,general_info,What are the contact details and office hours for the Student Affairs Office?,"The Student Affairs Office (Room B1 # 107) is open Monday to Friday from 8:30 am to 5:30 pm. International Student Affairs Office email: internationaloffice@xmu.edu.my, Phone: 03-8800 6838 / 03-8705 5048.","Student Affairs,contact,office hours"
admin_directory,about_xmum,What is the mission of the XMUM Counselling Centre?,"The XMUM Counselling Centre aims to promote the mental well-being of all students, meeting their unique needs irrespective of age, socioeconomic status, ethnicity, culture, religion, gender identity, and sexual orientation.","Counselling Centre,mission,well-being"
campus_life,documents_identity,What services does the Counselling Centre provide?,"The Counselling Centre provides free individual and group counselling, supporting students with adaptation, self-exploration, study stress, emotion, grief and loss, sexuality/gender, family, boy-girl relationships, friendship, and career guidance.","Counselling Centre,services,support"
campus_life,it_connectivity,How can students make an appointment with the Counselling Centre?,Students can make an appointment by visiting http://www.xmu.edu.my/2017/0527/c14709a285624/page.htm or https://forms.office.com/r/thC285mijta.,"Counselling Centre,appointment,booking"
campus_life,general_info,What are the contact details and office hours for the Counselling Centre?,"The Counselling Centre (Room B1 # 111) is open Monday to Friday from 8:30 am to 5:30 pm. Email: counselling@xmu.edu.my, Phone: 03-8705 5059.","Counselling Centre,contact,office hours"
admin_directory,about_xmum,What is the mission of the Career Services Office (CSO)?,"CSO aspires to equip students with tools, skills, and resources to explore, develop, and manage their career pathways, enabling them to emerge as career-ready graduates with great humanistic capacity, professional knowledge, and skills.","Career Services,mission,student careers"
campus_life,it_connectivity,What core activities does the Career Services Office (CSO) organize?,"CSO organizes career coaching, Industry Engagement Sessions (IES), Grill The Drill Series (GTD), Industrial Visits, Structured Internship Briefings (SIB), Internship & Job Placement Support, Campus Career Fairs, and On-campus recruitment (OCR).","Career Services,activities,events"
campus_life,general_info,What is the contact number for the Career Services Office?,The contact number for the Career Services Office is 03-8705 5300.,"Career Services,contact,phone"
campus_life,general_info,What is the main purpose of the International Student Affairs Office (ISAO)?,"The main purpose of ISAO is to provide advice, information, and support for all international students at XMUM throughout their student lifecycle, from student pass application to graduation.","ISAO,international students,support"
campus_life,documents_identity,What kind of specialist advice does ISAO provide to international students?,"ISAO provides professional and specialist advice on student pass/visa processes, including new applications, endorsements, transfers, extensions/renewals, cancellations, and related requirements like medical screening and insurance.","ISAO,student visa,immigration"
campus_life,general_info,What is the basic rule for international students regarding student passes?,All international students are required to have a valid student pass during their entire period of study in Malaysia.,"international students,student pass,rules"
campus_life,it_connectivity,When should international students submit their application for student pass renewal?,International students must submit their application for student pass renewal to ISAO at least twelve (12) weeks in advance of the expiry date.,"student pass,renewal,international students"
campus_life,exams_grades,What happens if international students fail to renew their student pass on time?,"Students who fail to renew their student pass on time risk overstaying in the country, which is a federal offence prosecutable by Malaysian laws, and may incur penalties.","student pass,overstaying,penalty"
campus_life,documents_identity,What academic requirements must international students maintain to avoid student pass revocation?,"International students must maintain a minimum of 80% attendance in all scheduled classes and achieve a CGPA above 2.0 for academic performance, failing which their student pass may be revoked.","international students,attendance,CGPA"
campus_life,general_info,What are the contact details and office hours for the International Student Affairs Office?,"The International Student Affairs Office (Room B1 # 104) is open Monday to Friday from 9:00 am to 5:00 pm. Email: internationaloffice@xmu.edu.my, Phone: 03-8800 6838 / 03-8705 5048.","International Student,contact,office hours"
campus_life,it_connectivity,What is the purpose of the Extra-curricular Activities Guidebook?,"The Guidebook is designed to assist in the formation and operation of students' clubs and societies, and to help create an efficient and clear administrative focus.","ECA,guidebook,clubs,societies"
campus_life,general_info,What types of clubs/societies are students generally allowed to form?,"Students are generally allowed to form any types of clubs or societies except those which are politically affiliated, believed to be duplicates of existing clubs/societies, or in contravention of the law.","clubs,societies,formation,rules"
campus_life,it_connectivity,What must be included in a club/society constitution for approval?,"The constitution must include the name, logo, objectives, Pro-Tem committee members list (min. 7 students), duties of EXCO/Sub-committee, Principal Advisor/Co-advisor details and roles, election procedures, resignation/vacancies/dismissals, AGM details, membership/subscription fees, amendments to constitution, and signatures.","clubs,constitution,requirements"
campus_life,it_connectivity,Who oversees all activities of a club/society and acts as a liaison with university authorities?,"The Advisor(s), who must be a permanent staff of XMUM, oversee all activities and act as a liaison between the club/society and the university authorities.","clubs,advisor,roles"
campus_life,general_info,When must an Annual General Meeting (AGM) for clubs/societies be held?,An Annual General Meeting (AGM) must be held in October each year.,"AGM,clubs,societies,timing"
campus_life,general_info,What are the requirements for clubs and societies to maintain active status?,"To remain active, clubs/societies must submit event/activity proposals, submit semester activity reports (twice a year), participate in recruitment drives, attend yearly leaders briefing, organize regular activities, and complete submission of required documents.","clubs,active status,requirements"
campus_life,it_connectivity,What are the recognition criteria for International Student Communities?,"International Communities must submit a brief Community Profile (objectives, target group, vision) and an updated annual committee list with at least three named representatives to be officially recognized.","international students,communities,recognition"
campus_life,it_connectivity,When must an event/activity proposal be submitted to the Extra-Curricular Activities Unit (ECA)?,An event/activity Proposal has to be submitted at least 1 month before major events and two weeks before minor events.,"event proposal,submission,ECA"
campus_life,documents_identity,What are the guidelines for postering by clubs/societies?,"All posters require prior approval from the Student Affairs Office, can only be posted on designated notice boards using pins, and are allowed for a maximum of 14 days (or until a day after the event for advertising). A penalty of RM50 applies for late removal.","postering,guidelines,clubs"
campus_life,general_info,What is required for students participating in field trips or special events?,"All students participating in any field trip or special event MUST sign a Letter Release and Waiver of Liability Form, and those under 18 must have a parent/guardian sign it.","field trip,waiver,liability"
campus_life,general_info,Are student clubs and societies eligible for funding from XMUM?,"Yes, all Student Clubs & Societies are eligible to apply for funding from XMUM for various activities like training, events, trips, registration fees, and equipment, provided they meet specific criteria.","clubs,funding,eligibility"
campus_life,it_connectivity,What are the contact details and office hours for Extra-Curricular Activities (ECA)?,"Extra-Curricular Activities (Room B1 # B1-103) is open Monday to Friday from 8:30 am to 5:30 pm. Email: ECA@xmu.edu.my, Phone: 03-8800 6818.","ECA,contact,office hours"
campus_life,it_connectivity,Who writes the Residences Management Rules & Regulations?,The Residences Management Rules & Regulations are written by the Student Affairs Office (SAO) and Accommodation Office (AO) of Xiamen University Malaysia.,"residences,rules,management"
campus_life,documents_identity,Who is eligible to apply for XMUM student residences?,"All active full-time students of the University studying in the Malaysia campus for at least two semesters, whose home address is not within Kota Warisan area, and whose application is received before the closing date are eligible.","residences,eligibility,application"
academic_navigation,finance_fees,What is the booking fee for student residences?,"A non-refundable Booking Fee to Residence Application Fee of Ringgit Malaysia One Hundred (RM100) has to be paid when submitting the ""Student Residences Application Form"".","residences,booking fee,application"
academic_navigation,finance_fees,Is the booking fee for student residences ever refundable?,The booking fee is refundable only if the University fails to allocate accommodation to the applicants.,"residences,booking fee,refund"
campus_life,it_connectivity,What deposit and rental payment is required upon check-in for student residences?,Successful applicants are required to pay a refundable deposit of Ringgit Malaysia Five Hundred (RM500) together with one semester's rental upon check-in.,"residences,deposit,rental"
campus_life,documents_identity,What is the minimum tenancy period for student residences?,The minimum tenancy is for a semester according to the University's academic calendar.,"residences,tenancy,duration"
campus_life,it_connectivity,Are residents allowed to change units or duplicate keys without approval?,"No, residents are not allowed to change units and duplicate key(s) without the approval of the Accommodation Office (AO). Duplication of key(s) without approval is a severe offence.","residences,room changes,keys"
academic_navigation,finance_fees,What is the administrative fee for requesting a change of unit in student residences?,An administration fee of Ringgit Malaysia Thirty (RM30) will be imposed for requesting a change of unit.,"residences,room change,fee"
campus_life,hostel_rules_maintenance,What are the administrative charges for room key replacement or room unlock services?,"The administrative charge for room key replacement or room unlock services is RM20.00 during office hours (Mon-Fri, 9 am-6 pm) and RM30.00 during non-office hours (Mon-Sun, 6 pm-10 pm, including public holidays).","residences,key replacement,fees"
campus_life,it_connectivity,What is the visitor policy for student residential units?,"Visitors are not allowed to stay overnight. Registered visitors must wait at designated areas and leave by 8:00 pm. Visitors of the opposite gender are strictly not allowed to enter residential units at any time, except immediate family/guardians before 8:00 pm, who must register.","residences,visitors,policy,gender"
campus_life,documents_identity,What is the curfew for student residences?,The curfew set for the residences is 12:00 am (midnight). Residents wishing to leave or return after 12:00 am must report at the guardhouse with their student IDs.,"residences,curfew,security"
campus_life,it_connectivity,What are some prohibited items and activities in student residences?,"Prohibited items/activities include making excessive noise after restricted hours, illicit businesses, visiting opposite gender units, keeping pets, tampering with facilities, possession/consumption of prohibited drugs or pornographic materials, lethal weapons, harassment, smoking/vaping, consumption/display of alcohol, chewing gum, littering, ball games indoors, religious altars, and moving furniture.","residences,prohibited,rules"
campus_life,it_connectivity,Is cooking allowed in student residential units?,"Cooking is strictly prohibited in the units. Light cooking is allowed at the pantry, but extreme care must be exercised.","residences,cooking,pantry"
campus_life,hostel_rules_maintenance,What electrical appliances are permitted in student rooms?,"Only haircare equipment, clock/radio, and computer equipment are permitted in rooms to reduce fire risk. Mini fridges, microwaves, hot plates, induction cookers, and large musical instruments are not permitted.","residences,electrical appliances,permitted"
campus_life,it_connectivity,What is the fine for tampering with firefighting equipment in residences?,"If found tampering with any firefighting equipment, the resident(s) concerned will be fined a minimum of Ringgit Malaysia Three Hundred (RM300) or depending on the severity of the damage.","residences,firefighting,fine"
campus_life,documents_identity,What is the check-out procedure for student residences?,"Residents must fill in check-out documents, ensure units are clean (or face RM100 fine), remove personal belongings, return keys, and vacate rooms by 12:00 pm on the specified date. Failure to follow procedures results in deposit forfeiture.","residences,check-out,procedure"
campus_life,it_connectivity,What are the consequences of withdrawal or premature termination of tenancy from student residences?,Any request for cancellation or premature termination of tenancy after check-in will result in the forfeiture of all rentals paid. Residents must give one-month written notice after a minimum one-semester stay or face a penalty of one-month rental and/or deposit forfeiture.,"residences,tenancy,termination,refund"
campus_life,it_connectivity,What is the policy on electricity consumption in student residences?,"Student residents will be billed for their electricity consumption monthly, with charges equally borne by all residents in a shared unit. A late payment charge of RM10.00 per month applies after 30 days of the billing date.","residences,utilities,electricity"
campus_life,documents_identity,What are the guidelines for using public refrigerators at XMUM Residences?,"All items must be stored in properly-covered, sealed containers, tagged with date of storage, owner's name, and room number. The storage period is limited to ONE week. Prohibited items include alcohol, drugs, unsealed items, strong-odour food, oversized items, and expired items.","residences,public refrigerator,guidelines"
campus_life,general_info,What is the location and operating hours of The English Lounge?,"The English Lounge is located at B1G03 and is open from 9 am to 6 pm every weekday. Consultation hours are 2 pm to 5 pm on Mon, Wed & Fri, and by appointment.","English Lounge,location,hours"
campus_life,documents_identity,What services are provided at The English Lounge?,"The English Lounge provides personalized/small-group coaching, peer mentoring, a ""Writing Clinic"", access to English reference books, audio-visual materials, novels, newspapers, magazines, eLearning resources, a self-directed digital portal, and ""Let's Chat"" coffee chat sessions.","English Lounge,services,language support"
campus_life,general_info,What are the contact details for The English Lounge?,Email: eled@xmu.edu.my or jennymaganran@xmu.edu.my. Phone: 03-8880 5112 or 017-674 0300.,"English Lounge,contact,phone"
campus_life,general_info,Where is the library located?,The library is located in the A3 Building.,"library,location,building"
campus_life,documents_identity,What main services does the library provide?,"The library provides Course Reserves, Circulation Services, diverse Learning Spaces, Creative & Experiential Zones (Makerspace, Robotic Lab, Mini Cinema, Instruction Room), Self-Service Printing, and Digital Access (desktop computers).","library,services,resources"
academic_navigation,courses_syllabus,What are the library's operation hours during weekdays?,The library's operation hours are Monday to Friday from 9:00 AM to 10:00 PM.,"library,hours,weekdays"
academic_navigation,courses_syllabus,What are the library's operation hours during weekends and public holidays?,"The library's operation hours are Saturday and Sunday from 9:00 AM to 5:00 PM, and on Public Holidays from 9:00 AM to 5:00 PM (except for specific closed holidays).","library,hours,weekends,holidays"
campus_life,general_info,What are the loan periods for general books for students and staff?,"For General Books, students can borrow for 30 days (10 items), and staff for 30 days (10 items).","library,lending,books"
academic_navigation,it_connectivity,What are the overdue fines for books and course reserve items?,Overdue fines are RM 0.20 per day for general books and RM 0.50 per hour for Course Reserve items.,"library,fines,overdue"
campus_life,general_info,How are charges determined for lost books?,"Charges for lost books are calculated as Book Price *2 + RM30 (Processing Fees), subject to library assessment and justification, based on price comparison from e-commerce platforms.","library,lost books,charges"
campus_life,it_connectivity,What are some prohibited actions in the library?,"Prohibited actions include leaving belongings unattended, vandalism, accessing illegal websites, rearranging furniture without permission, bringing food/beverages into all study areas, soliciting donations, taking photos/videos without consent, playing cards/games, smoking/vaping, and engaging in misconduct/harassment.","library,prohibited,rules"
campus_life,food_dining,What is the rule for food and beverages in the library?,"Food and beverages are allowed only at the A3 1st floor's dedicated library areas, but not in all study areas or library rooms. Bottled plain drinking water is generally allowed in library rooms.","library,food,beverages"
campus_life,general_info,What is the disciplinary action for breaching library rules or misconduct?,"Violations may result in disciplinary action in accordance with the University’s Code of Conduct, including warnings from the Student Affairs Office or restrictions from future room bookings.","library,disciplinary,misconduct"
campus_life,general_info,What are the contact details for the Library's Circulation Counter?,The Library's Circulation Counter (A3-2nd Floor) phone number is 03-8800 6801. Email: librarian@xmu.edu.my.,"library,contact,circulation"
campus_life,it_connectivity,What is the general policy regarding IT facilities and campus network use?,"IT facilities and campus network are primarily for educational use. Users are prohibited from viewing pornographic websites, downloading unauthorized copyrighted materials, or engaging in online gambling. Misconduct can lead to suspension, expulsion, or legal proceedings.","IT,network use,policy,rules"
campus_life,general_info,How can students connect to the campus Wi-Fi?,"Students can connect to the campus Wi-Fi network named ""Student-5G"" or ""Student"" using the security key/password ""xmustudent"".","IT,Wi-Fi,connection"
campus_life,it_connectivity,Is it allowed to use personal wireless routers on campus?,"To use personal wireless routers, approval from the IT Department is required. The Wi-Fi name (SSID) for personal use cannot begin with ""XMU"" or use existing SSID names like Staff, Guest, Student.","IT,personal router,rules"
campus_life,it_connectivity,What is the official communication channel used by the University for announcements?,The University will use email as one of the communication channels to make announcements.,"IT,email,communication"
campus_life,it_connectivity,What IT facilities and services can be accessed using the Campus ID?,"The Campus ID can be used to access book borrowing, door access, discussion room bookings, VPN access, University learning portal (Moodle), Academic Affairs Online Systems, AskA, and the student portal.","IT,Campus ID,access"
campus_life,documents_identity,What is the Campus ECard used for?,"The Campus ECard can be used in canteens, supermarkets, and for Library's fine payments.","IT,Campus ECard,payments"
campus_life,it_connectivity,How can users access XMUM's secured network remotely?,"Users can access XMUM's secured network remotely via WebVPN (https://linc.xmu.edu.my/ -> Technologies -> Network & Connectivity -> Secured Network Access (VPN)) using their Campus ID and password, limited to academic and research purposes.","IT,VPN,remote access"
academic_navigation,finance_fees,How do students enroll in a course on Moodle?,"To enroll in a course on Moodle, students log in with their Campus ID and password, select a course, and enter the Enrolment Key provided by the lecturer.","IT,Moodle,course enrollment"
academic_navigation,finance_fees,How can students submit questions or feedback to the IT or Library department?,Students can use AskA (https://app.xmu.edu.my/AskA) by logging in with their Campus ID and Password to submit questions or feedback.,"IT,Library,AskA,feedback"
campus_life,it_connectivity,What are the contact details and office hours for the IT Department?,"The IT Department (B1-G09, A3-1st Floor-103) is open Monday - Friday from 8:30 am to 5:30 pm. Phone: 03-8705 5003, 03-8705 5014. Email: ITService@xmu.edu.my.","IT,contact,office hours"
campus_life,documents_identity,What are the general services provided by the Operations and Maintenance Department?,"The Operations and Maintenance Department is responsible for the functionality and well-being of XMUM in terms of outdoor surroundings and indoor building-related facilities, as well as providing a safe and secured environment.","Operations,Maintenance,services"
campus_life,general_info,What are the operation hours for the Operations and Maintenance Department?,"Weekdays (Mon-Fri): 8:30 am to 5:30 pm (full department), after 5:30 pm (Security & Maintenance only). Weekends & Public Holidays: 24 hours (Security only), 8:30 am to midnight (Maintenance only).","Operations,Maintenance,hours"
campus_life,general_info,What is the policy on smoking and vaping on campus?,"XMUM imposes a blanket ban on smoking and vaping in all areas of the campus, including student hostels.","campus rules,smoking,vaping"
campus_life,general_info,What are the parking regulations on campus?,"All vehicles must be registered with the university and display a parking sticker. Abandoned vehicles are subject to towing. Vehicle repairs that create a nuisance are not permitted. The maximum speed limit is 30km/h. Personal vehicles are not allowed to be left overnight without approval. Parking in designated or restricted spaces (e.g., handicap, VIP) is prohibited 24/7.","parking,regulations,campus"
campus_life,general_info,What are the penalties for parking violations?,"Vehicles are subject to being immobilized with a wheel lock/tire clamp by Campus Security, and a fine of RM50 will be imposed to release it.","parking,violations,penalties"
campus_life,general_info,What should students do if they smell smoke or see fire on campus?,"They should immediately activate the fire alarm system, evacuate the building to the nearest designated Emergency Assembly Point without using lifts, and contact Security (019-348 9999).","fire safety,emergency,procedures"
campus_life,general_info,What are the emergency contact numbers for Police Stations near XMUM?,Bandar Baru Salak Tinggi Police: 03-8777 4484. Dengkil Police: 03-8768 6222. Sepang Police: 03-8777 4222.,"emergency,police,contact"
campus_life,general_info,What are the emergency contact numbers for Fire Brigades near XMUM?,Sepang Fire Brigade: 03-3142 1333. Kuala Lumpur International Airport (KLIA) Fire Brigade: 03-8787 4970.,"emergency,fire brigade,contact"
campus_life,general_info,How can students request maintenance services?,"Students can log in to http://app.xmu.edu.my/maintenance to report defects through the online maintenance reporting system. For emergencies, contact the Maintenance Hotline: 017-313 5947.","maintenance,request,hotline"
campus_life,general_info,What are the contact details and office hours for the Operations and Maintenance Department?,The Operations and Maintenance Department (Room B11 # G13) is open Monday to Friday from 8:30 am to 5:30 pm. Maintenance Hotline: 017-313 5947. Security Hotline: 019-348 9999.,"Operations,Maintenance,contact,hours"
campus_life,it_connectivity,What types of sports facilities are available at XMUM?,"XMUM offers indoor and outdoor basketball and badminton courts, outdoor volleyball and tennis courts, an Olympic-sized football field, a track, 2 gymnasiums, a table tennis room, an Olympic-sized swimming pool, and a yoga room.","sports facilities,campus,types"
campus_life,general_info,What are the operation hours for the gymnasium?,The gymnasium is open Monday to Sunday from 8:00 am to 10:00 pm.,"gymnasium,hours,sports"
campus_life,general_info,What are the operation hours for the swimming pool?,The swimming pool is open Tuesday to Sunday from 4:00 pm to 10:00 pm and is closed on Monday and Public Holiday(s).,"swimming pool,hours,sports"
campus_life,general_info,What are some key rules for using the XMUM swimming pool?,"The pool is exclusively for staff and students, usable only when officially open with a lifeguard. Proper swimming attire is mandatory, food/drinks/pets are not allowed in the enclosure, and users with infectious diseases/open wounds are prohibited. Running, rough play, excessive noise, spitting, or discharging bodily wastes are strictly prohibited.","swimming pool,rules,sports"
academic_navigation,finance_fees,How can students provide feedback regarding cafeterias?,"Students can provide feedback via email (canteen.inquiry@xmu.edu.my), scanning a QR code for an online form (AskA), writing in the anonymous feedback book at the counter, or through the canteen supervision committee under the student council.","cafeteria,feedback,channels"
campus_life,hostel_rules_maintenance,What are the rules for self-service laundry rooms?,"Users must be mindful of time usage, collect clothes promptly, maintain cleanliness, and are prohibited from washing shoes/floor mats/flammable items or bringing pets into laundry rooms.","laundry,rules,self-service"
campus_life,general_info,What medical services are available on-campus?,"An on-campus clinic, operated by Plux Health Clinic, provides consultations, dispenses medicines, and arranges laboratory tests for a fee. Nurses are available 24 hours, doctors from 9 am to 5 pm (Monday-Sunday), but doctors are not available on Selangor Public Holidays.","medical services,on-campus,clinic"
campus_life,general_info,What are the emergency helplines on campus?,"The XMUM Emergency Helpline is 019-348 9999, and the Swimming Pool Lifeguard can be reached at 012-584 6405.","emergency,helplines,campus"
